{
  "Reptiles" : {
    "transaction" : "Reptiles",
    "sampleCount" : 475,
    "errorCount" : 0,
    "errorPct" : 0.0,
    "meanResTime" : 2.0715789473684167,
    "medianResTime" : 2.0,
    "minResTime" : 0.0,
    "maxResTime" : 16.0,
    "pct1ResTime" : 3.0,
    "pct2ResTime" : 6.0,
    "pct3ResTime" : 8.240000000000009,
    "throughput" : 0.7608472795304851,
    "receivedKBytesPerSec" : 2.7580713882980086,
    "sentKBytesPerSec" : 0.18723976019695535
  },
  "Main Catalog" : {
    "transaction" : "Main Catalog",
    "sampleCount" : 1427,
    "errorCount" : 0,
    "errorPct" : 0.0,
    "meanResTime" : 1.8640504555010484,
    "medianResTime" : 1.0,
    "minResTime" : 0.0,
    "maxResTime" : 66.0,
    "pct1ResTime" : 3.0,
    "pct2ResTime" : 5.0,
    "pct3ResTime" : 8.0,
    "throughput" : 2.1948274668737935,
    "receivedKBytesPerSec" : 10.391764133912162,
    "sentKBytesPerSec" : 0.4646672022678859
  },
  "SingIn" : {
    "transaction" : "SingIn",
    "sampleCount" : 1425,
    "errorCount" : 0,
    "errorPct" : 0.0,
    "meanResTime" : 2.026666666666664,
    "medianResTime" : 2.0,
    "minResTime" : 0.0,
    "maxResTime" : 29.0,
    "pct1ResTime" : 3.0,
    "pct2ResTime" : 5.0,
    "pct3ResTime" : 8.740000000000009,
    "throughput" : 2.2022176718309314,
    "receivedKBytesPerSec" : 8.436731819630644,
    "sentKBytesPerSec" : 1.3011149330641734
  },
  "Birds" : {
    "transaction" : "Birds",
    "sampleCount" : 465,
    "errorCount" : 0,
    "errorPct" : 0.0,
    "meanResTime" : 2.008602150537635,
    "medianResTime" : 2.0,
    "minResTime" : 1.0,
    "maxResTime" : 19.0,
    "pct1ResTime" : 3.0,
    "pct2ResTime" : 5.0,
    "pct3ResTime" : 8.0,
    "throughput" : 0.7493714948752659,
    "receivedKBytesPerSec" : 2.715008052721911,
    "sentKBytesPerSec" : 0.1822202170155676
  },
  "Login" : {
    "transaction" : "Login",
    "sampleCount" : 1417,
    "errorCount" : 0,
    "errorPct" : 0.0,
    "meanResTime" : 3.4636556104445995,
    "medianResTime" : 3.0,
    "minResTime" : 1.0,
    "maxResTime" : 67.0,
    "pct1ResTime" : 5.0,
    "pct2ResTime" : 8.0,
    "pct3ResTime" : 14.0,
    "throughput" : 2.1989754667585366,
    "receivedKBytesPerSec" : 11.29981338484709,
    "sentKBytesPerSec" : 3.4895850912916226
  },
  "Login-0" : {
    "transaction" : "Login-0",
    "sampleCount" : 1417,
    "errorCount" : 0,
    "errorPct" : 0.0,
    "meanResTime" : 1.9350741002117136,
    "medianResTime" : 2.0,
    "minResTime" : 0.0,
    "maxResTime" : 35.0,
    "pct1ResTime" : 3.0,
    "pct2ResTime" : 5.0,
    "pct3ResTime" : 8.819999999999936,
    "throughput" : 2.1989788792501437,
    "receivedKBytesPerSec" : 0.41445598017116964,
    "sentKBytesPerSec" : 2.0185938930616554
  },
  "Login-1" : {
    "transaction" : "Login-1",
    "sampleCount" : 1417,
    "errorCount" : 0,
    "errorPct" : 0.0,
    "meanResTime" : 1.4615384615384608,
    "medianResTime" : 1.0,
    "minResTime" : 0.0,
    "maxResTime" : 57.0,
    "pct1ResTime" : 2.0,
    "pct2ResTime" : 3.0,
    "pct3ResTime" : 6.819999999999936,
    "throughput" : 2.198985704265132,
    "receivedKBytesPerSec" : 10.885408725507768,
    "sentKBytesPerSec" : 1.4710011791226714
  },
  "Home-0" : {
    "transaction" : "Home-0",
    "sampleCount" : 1430,
    "errorCount" : 0,
    "errorPct" : 0.0,
    "meanResTime" : 1.175524475524474,
    "medianResTime" : 1.0,
    "minResTime" : 0.0,
    "maxResTime" : 32.0,
    "pct1ResTime" : 2.0,
    "pct2ResTime" : 3.0,
    "pct3ResTime" : 6.0,
    "throughput" : 2.195743635414427,
    "receivedKBytesPerSec" : 0.3130650105180727,
    "sentKBytesPerSec" : 0.4155481417751743
  },
  "SingOut-0" : {
    "transaction" : "SingOut-0",
    "sampleCount" : 1410,
    "errorCount" : 0,
    "errorPct" : 0.0,
    "meanResTime" : 1.8340425531914897,
    "medianResTime" : 1.0,
    "minResTime" : 0.0,
    "maxResTime" : 74.0,
    "pct1ResTime" : 3.0,
    "pct2ResTime" : 4.0,
    "pct3ResTime" : 7.8900000000001,
    "throughput" : 2.196343788552843,
    "receivedKBytesPerSec" : 0.7142407046758757,
    "sentKBytesPerSec" : 1.1625179037066806
  },
  "Home-1" : {
    "transaction" : "Home-1",
    "sampleCount" : 1430,
    "errorCount" : 0,
    "errorPct" : 0.0,
    "meanResTime" : 1.0132867132867132,
    "medianResTime" : 1.0,
    "minResTime" : 0.0,
    "maxResTime" : 148.0,
    "pct1ResTime" : 2.0,
    "pct2ResTime" : 3.0,
    "pct3ResTime" : 5.0,
    "throughput" : 2.1957503784982295,
    "receivedKBytesPerSec" : 2.8969323841319414,
    "sentKBytesPerSec" : 0.417693705394022
  },
  "SingOut" : {
    "transaction" : "SingOut",
    "sampleCount" : 1410,
    "errorCount" : 0,
    "errorPct" : 0.0,
    "meanResTime" : 3.3581560283687937,
    "medianResTime" : 3.0,
    "minResTime" : 1.0,
    "maxResTime" : 76.0,
    "pct1ResTime" : 5.0,
    "pct2ResTime" : 6.4500000000000455,
    "pct3ResTime" : 13.7800000000002,
    "throughput" : 2.196343788552843,
    "receivedKBytesPerSec" : 11.305776398767243,
    "sentKBytesPerSec" : 2.3028980420412912
  },
  "SingOut-1" : {
    "transaction" : "SingOut-1",
    "sampleCount" : 1410,
    "errorCount" : 0,
    "errorPct" : 0.0,
    "meanResTime" : 1.390780141843971,
    "medianResTime" : 1.0,
    "minResTime" : 0.0,
    "maxResTime" : 30.0,
    "pct1ResTime" : 2.0,
    "pct2ResTime" : 3.0,
    "pct3ResTime" : 6.0,
    "throughput" : 2.1963506310224403,
    "receivedKBytesPerSec" : 10.591568690865984,
    "sentKBytesPerSec" : 1.1403836910645913
  },
  "Total" : {
    "transaction" : "Total",
    "sampleCount" : 17038,
    "errorCount" : 0,
    "errorPct" : 0.0,
    "meanResTime" : 1.9874985326916415,
    "medianResTime" : 2.0,
    "minResTime" : 0.0,
    "maxResTime" : 148.0,
    "pct1ResTime" : 3.0,
    "pct2ResTime" : 5.0,
    "pct3ResTime" : 9.0,
    "throughput" : 26.141684925033296,
    "receivedKBytesPerSec" : 78.05845950929105,
    "sentKBytesPerSec" : 15.386849802207422
  },
  "Dogs" : {
    "transaction" : "Dogs",
    "sampleCount" : 475,
    "errorCount" : 0,
    "errorPct" : 0.0,
    "meanResTime" : 2.1894736842105282,
    "medianResTime" : 2.0,
    "minResTime" : 0.0,
    "maxResTime" : 68.0,
    "pct1ResTime" : 3.0,
    "pct2ResTime" : 5.0,
    "pct3ResTime" : 10.0,
    "throughput" : 0.7608521544129425,
    "receivedKBytesPerSec" : 3.192012554060548,
    "sentKBytesPerSec" : 0.18426888114688453
  },
  "Home" : {
    "transaction" : "Home",
    "sampleCount" : 1430,
    "errorCount" : 0,
    "errorPct" : 0.0,
    "meanResTime" : 2.2545454545454504,
    "medianResTime" : 2.0,
    "minResTime" : 0.0,
    "maxResTime" : 148.0,
    "pct1ResTime" : 4.0,
    "pct2ResTime" : 6.0,
    "pct3ResTime" : 10.690000000000055,
    "throughput" : 2.195743635414427,
    "receivedKBytesPerSec" : 3.2099884982572244,
    "sentKBytesPerSec" : 0.8332405644443079
  }
}