{
  "Reptiles" : {
    "transaction" : "Reptiles",
    "sampleCount" : 50,
    "errorCount" : 0,
    "errorPct" : 0.0,
    "meanResTime" : 2.1399999999999992,
    "medianResTime" : 2.0,
    "minResTime" : 1.0,
    "maxResTime" : 5.0,
    "pct1ResTime" : 3.0,
    "pct2ResTime" : 4.449999999999996,
    "pct3ResTime" : 5.0,
    "throughput" : 1.1297903109182936,
    "receivedKBytesPerSec" : 4.095489877078814,
    "sentKBytesPerSec" : 0.2780343343275488
  },
  "Main Catalog" : {
    "transaction" : "Main Catalog",
    "sampleCount" : 159,
    "errorCount" : 0,
    "errorPct" : 0.0,
    "meanResTime" : 1.8176100628930825,
    "medianResTime" : 2.0,
    "minResTime" : 0.0,
    "maxResTime" : 17.0,
    "pct1ResTime" : 2.0,
    "pct2ResTime" : 3.0,
    "pct3ResTime" : 12.200000000000045,
    "throughput" : 2.231140547822182,
    "receivedKBytesPerSec" : 10.846799620074652,
    "sentKBytesPerSec" : 1.0897529783621465
  },
  "Birds" : {
    "transaction" : "Birds",
    "sampleCount" : 45,
    "errorCount" : 0,
    "errorPct" : 0.0,
    "meanResTime" : 2.955555555555555,
    "medianResTime" : 2.0,
    "minResTime" : 1.0,
    "maxResTime" : 19.0,
    "pct1ResTime" : 4.399999999999999,
    "pct2ResTime" : 10.0,
    "pct3ResTime" : 19.0,
    "throughput" : 1.0621474260627375,
    "receivedKBytesPerSec" : 3.848209912785895,
    "sentKBytesPerSec" : 0.2582760830953337
  },
  "Login" : {
    "transaction" : "Login",
    "sampleCount" : 149,
    "errorCount" : 0,
    "errorPct" : 0.0,
    "meanResTime" : 7.382550335570472,
    "medianResTime" : 3.0,
    "minResTime" : 2.0,
    "maxResTime" : 448.0,
    "pct1ResTime" : 6.0,
    "pct2ResTime" : 12.5,
    "pct3ResTime" : 261.5,
    "throughput" : 2.2450240323042383,
    "receivedKBytesPerSec" : 11.536441853500882,
    "sentKBytesPerSec" : 3.56266020751405
  },
  "Login-0" : {
    "transaction" : "Login-0",
    "sampleCount" : 149,
    "errorCount" : 0,
    "errorPct" : 0.0,
    "meanResTime" : 2.046979865771812,
    "medianResTime" : 2.0,
    "minResTime" : 1.0,
    "maxResTime" : 10.0,
    "pct1ResTime" : 3.0,
    "pct2ResTime" : 5.5,
    "pct3ResTime" : 10.0,
    "throughput" : 2.2450578592092576,
    "receivedKBytesPerSec" : 0.42314078791736986,
    "sentKBytesPerSec" : 2.0608929566959984
  },
  "Login-1" : {
    "transaction" : "Login-1",
    "sampleCount" : 149,
    "errorCount" : 0,
    "errorPct" : 0.0,
    "meanResTime" : 5.208053691275169,
    "medianResTime" : 1.0,
    "minResTime" : 0.0,
    "maxResTime" : 446.0,
    "pct1ResTime" : 3.0,
    "pct2ResTime" : 4.5,
    "pct3ResTime" : 259.5,
    "throughput" : 2.2450578592092576,
    "receivedKBytesPerSec" : 11.113474890948952,
    "sentKBytesPerSec" : 1.5018209312093178
  },
  "Sing Out-1" : {
    "transaction" : "Sing Out-1",
    "sampleCount" : 141,
    "errorCount" : 0,
    "errorPct" : 0.0,
    "meanResTime" : 1.8439716312056735,
    "medianResTime" : 1.0,
    "minResTime" : 0.0,
    "maxResTime" : 12.0,
    "pct1ResTime" : 4.0,
    "pct2ResTime" : 5.0,
    "pct3ResTime" : 11.580000000000013,
    "throughput" : 2.235930289719478,
    "receivedKBytesPerSec" : 10.799346317454528,
    "sentKBytesPerSec" : 1.1595450486433772
  },
  "Sing Out-0" : {
    "transaction" : "Sing Out-0",
    "sampleCount" : 141,
    "errorCount" : 0,
    "errorPct" : 0.0,
    "meanResTime" : 1.9574468085106382,
    "medianResTime" : 1.0,
    "minResTime" : 0.0,
    "maxResTime" : 15.0,
    "pct1ResTime" : 3.0,
    "pct2ResTime" : 5.900000000000006,
    "pct3ResTime" : 14.580000000000013,
    "throughput" : 2.235894833655767,
    "receivedKBytesPerSec" : 0.7271025191478228,
    "sentKBytesPerSec" : 1.1834521482826426
  },
  "Total" : {
    "transaction" : "Total",
    "sampleCount" : 1493,
    "errorCount" : 0,
    "errorPct" : 0.0,
    "meanResTime" : 3.006697923643671,
    "medianResTime" : 2.0,
    "minResTime" : 0.0,
    "maxResTime" : 448.0,
    "pct1ResTime" : 4.0,
    "pct2ResTime" : 6.0,
    "pct3ResTime" : 14.059999999999945,
    "throughput" : 20.323155874385748,
    "receivedKBytesPerSec" : 69.76017848695943,
    "sentKBytesPerSec" : 13.654567180077047
  },
  "Dogs" : {
    "transaction" : "Dogs",
    "sampleCount" : 50,
    "errorCount" : 0,
    "errorPct" : 0.0,
    "meanResTime" : 2.7600000000000007,
    "medianResTime" : 2.0,
    "minResTime" : 1.0,
    "maxResTime" : 13.0,
    "pct1ResTime" : 4.899999999999999,
    "pct2ResTime" : 8.899999999999991,
    "pct3ResTime" : 13.0,
    "throughput" : 1.1297647829721853,
    "receivedKBytesPerSec" : 4.739716316062996,
    "sentKBytesPerSec" : 0.2736149083760761
  },
  "Sing In" : {
    "transaction" : "Sing In",
    "sampleCount" : 156,
    "errorCount" : 0,
    "errorPct" : 0.0,
    "meanResTime" : 2.1923076923076925,
    "medianResTime" : 2.0,
    "minResTime" : 1.0,
    "maxResTime" : 12.0,
    "pct1ResTime" : 3.0,
    "pct2ResTime" : 4.150000000000006,
    "pct3ResTime" : 10.860000000000014,
    "throughput" : 2.2167592684694415,
    "receivedKBytesPerSec" : 8.492414970940558,
    "sentKBytesPerSec" : 1.3097064037343866
  },
  "Home" : {
    "transaction" : "Home",
    "sampleCount" : 163,
    "errorCount" : 0,
    "errorPct" : 0.0,
    "meanResTime" : 1.220858895705522,
    "medianResTime" : 1.0,
    "minResTime" : 0.0,
    "maxResTime" : 7.0,
    "pct1ResTime" : 2.0,
    "pct2ResTime" : 3.0,
    "pct3ResTime" : 6.359999999999985,
    "throughput" : 2.238580492762381,
    "receivedKBytesPerSec" : 2.953439693087868,
    "sentKBytesPerSec" : 0.40534304443513614
  },
  "Sing Out" : {
    "transaction" : "Sing Out",
    "sampleCount" : 141,
    "errorCount" : 0,
    "errorPct" : 0.0,
    "meanResTime" : 4.0,
    "medianResTime" : 3.0,
    "minResTime" : 1.0,
    "maxResTime" : 20.0,
    "pct1ResTime" : 7.0,
    "pct2ResTime" : 11.700000000000017,
    "pct3ResTime" : 19.160000000000025,
    "throughput" : 2.2358593787165213,
    "receivedKBytesPerSec" : 11.52609481292517,
    "sentKBytesPerSec" : 2.342941656557728
  }
}